,no_of_months,no_of_commits,congruences
0,1,9,0.5
1,2,40,0.5
2,3,27,1.0
3,4,76,0.3333333333333333
4,5,27,0.5
5,6,10,0.5
6,7,9,0.5
7,8,41,0.5
8,9,12,1.0
9,10,6,0.5
10,11,8,1.0
11,12,3,1.0
12,13,9,0.5
13,14,4,1.0
14,15,15,1.0
15,16,8,1.0
16,17,5,1.0
17,18,3,1.0
18,19,12,1.0
19,20,16,0.5
20,21,15,0.42857142857142855
21,22,42,0.5
22,23,63,0.5
23,24,16,1.0
24,25,9,1.0
25,26,3,1.0
26,27,7,1.0
27,28,8,1.0
28,29,29,1.0
29,30,3,1.0
30,31,14,1.0
