,no_of_months,no_of_commits,congruences
0,1,8,0.42857142857142855
1,2,63,0.2413793103448276
2,3,22,0.4444444444444444
3,4,11,0.5
4,5,26,0.4
5,6,13,0.29411764705882354
6,7,11,0.5
7,8,46,0.4117647058823529
8,9,7,0.5
9,10,5,1.0
10,11,7,0.6
11,12,8,1.0
12,13,7,0.5
13,14,2,1.0
14,15,3,1.0
15,16,4,0.5
