,no_of_months,no_of_commits,congruences
0,1,28,0.5
1,2,8,0.6
2,3,7,0.52
3,4,11,0.3333333333333333
4,5,18,0.5
5,6,3,1.0
6,7,2,0.5
7,8,34,0.44
8,9,4,0.3333333333333333
9,10,10,0.6
10,11,10,0.5384615384615384
11,12,6,0.3333333333333333
12,13,0,0.0
