,no_of_months,no_of_commits,congruences
0,1,65,0.5
1,2,35,1.0
2,3,3,1.0
3,4,22,1.0
4,5,28,0.42857142857142855
5,6,35,0.6
6,7,28,0.5
7,8,3,1.0
8,9,13,0.5714285714285714
9,10,12,0.6
10,11,6,1.0
11,12,4,0.6
12,13,9,0.5
13,14,7,0.6666666666666666
14,15,35,1.0
15,16,7,1.0
16,17,12,0.5
17,18,2,1.0
18,19,8,0.5
19,20,3,1.0
20,21,47,0.5555555555555556
21,22,17,0.5
22,23,5,1.0
23,24,9,0.6
24,25,2,1.0
25,26,13,1.0
26,27,4,1.0
27,28,2,1.0
