,no_of_months,no_of_commits,congruences
0,1,6,0.3333333333333333
1,2,12,0.375
2,3,12,0.5294117647058824
3,4,7,0.5
4,5,3,0.5
5,6,4,1.0
6,7,7,0.5
7,8,9,0.6
