,no_of_months,no_of_commits,congruences
0,1,7,0.3333333333333333
1,2,12,1.0
2,3,19,1.0
3,4,6,0.5
4,5,12,1.0
5,6,4,1.0
6,7,15,0.42857142857142855
7,8,6,0.5
8,9,2,1.0
9,10,5,1.0
10,11,8,1.0
11,12,4,0.5
12,13,10,1.0
13,14,23,0.5
14,15,28,0.4
15,16,12,1.0
16,17,50,0.5
17,18,52,0.5555555555555556
18,19,11,1.0
19,20,3,0.5
20,21,9,0.5
21,22,15,1.0
22,23,4,1.0
23,24,11,1.0
24,25,4,1.0
25,26,2,1.0
