,no_of_months,no_of_commits,congruences
0,1,1,1.0
1,2,11,0.6
2,3,35,0.2631578947368421
3,4,64,0.5
4,5,2,1.0
5,6,11,0.5
6,7,49,0.42857142857142855
7,8,13,1.0
8,9,4,1.0
