,no_of_months,no_of_commits,congruences
0,1,47,1.0
1,2,24,1.0
2,3,9,1.0
3,4,49,1.0
4,5,64,0.3333333333333333
5,6,43,0.5294117647058824
6,7,31,0.5
7,8,30,0.42857142857142855
8,9,13,0.5
9,10,30,0.3333333333333333
10,11,59,0.5789473684210527
11,12,0,0.0
