,no_of_months,no_of_commits,congruences
0,1,1,1.0
1,2,14,1.0
2,3,18,1.0
3,4,34,0.5
4,5,43,0.28
5,6,8,0.6
6,7,17,0.3333333333333333
7,8,9,0.5
8,9,10,0.3333333333333333
9,10,11,1.0
10,11,9,1.0
11,12,58,0.3333333333333333
12,13,5,1.0
