,no_of_months,no_of_commits,congruences
0,1,2,1.0
1,2,34,0.375
2,3,16,0.36
3,4,13,0.25
4,5,4,1.0
5,6,6,1.0
6,7,11,0.16666666666666666
7,8,9,0.3
8,9,5,0.5
9,10,5,0.6666666666666666
10,11,3,0.6
11,12,6,0.4
12,13,4,0.3333333333333333
13,14,6,0.5555555555555556
14,15,14,0.625
15,16,10,0.7142857142857143
16,17,3,1.0
17,18,2,1.0
18,19,7,0.3333333333333333
19,20,16,0.5
20,21,2,1.0
21,22,6,0.6
22,23,4,0.42857142857142855
23,24,23,0.6
24,25,26,0.5
25,26,2,1.0
