,no_of_months,no_of_commits,congruences
0,1,318,0.25
1,2,52,0.25
2,3,130,0.25
3,4,75,0.14285714285714285
4,5,40,0.25
5,6,36,0.5
6,7,21,1.0
7,8,24,0.3333333333333333
8,9,7,0.5
9,10,41,0.5
