,no_of_months,no_of_commits,congruences
0,1,4,1.0
1,2,13,1.0
2,3,2,1.0
3,4,3,1.0
4,5,7,1.0
5,6,6,1.0
6,7,28,1.0
7,8,4,1.0
8,9,22,1.0
9,10,10,1.0
10,11,34,0.5
11,12,18,0.5
12,13,43,0.5
13,14,14,0.3333333333333333
14,15,3,0.5
15,16,8,0.3333333333333333
16,17,10,0.3333333333333333
17,18,16,0.5
18,19,4,0.5
19,20,4,0.5
20,21,10,0.3333333333333333
21,22,6,0.5
22,23,9,1.0
23,24,2,1.0
24,25,9,1.0
